{"cameraMode":{"drawMode":0,"name":"Shaded","section":"Shading Mode"},"sceneLighting":true,"audioPlay":false,"sceneViewState":{"showFog":false,"showMaterialUpdate":false,"showSkybox":false,"showFlares":false,"showImageEffects":false,"showParticleSystems":false},"in2DMode":false,"pivot":{"x":-7.3485107421875,"y":54.92036056518555,"z":-7.976020812988281},"rotation":{"x":-0.00009671113366493955,"y":0.9499566555023193,"z":-0.000294397963443771,"w":-0.3123816251754761},"size":221.33277893066407,"orthographic":false}