{"cameraMode":{"drawMode":0,"name":"Shaded","section":"Shading Mode"},"sceneLighting":true,"audioPlay":false,"sceneViewState":{"showFog":false,"showMaterialUpdate":false,"showSkybox":false,"showFlares":false,"showImageEffects":false,"showParticleSystems":false},"in2DMode":false,"pivot":{"x":15.32829475402832,"y":16.63455581665039,"z":-15.70987319946289},"rotation":{"x":0.06769221276044846,"y":-0.9318022131919861,"z":0.2357565313577652,"w":0.26754701137542727},"size":105.020263671875,"orthographic":false}