{"cameraMode":{"drawMode":0,"name":"Shaded","section":"Shading Mode"},"sceneLighting":true,"audioPlay":false,"sceneViewState":{"showFog":false,"showMaterialUpdate":false,"showSkybox":false,"showFlares":false,"showImageEffects":false,"showParticleSystems":false},"in2DMode":false,"pivot":{"x":18.473194122314454,"y":26.140838623046876,"z":-27.274497985839845},"rotation":{"x":0.29532119631767275,"y":-0.4766908884048462,"z":0.17390356957912446,"w":0.8095114231109619},"size":19.38743019104004,"orthographic":false}