{"cameraMode":{"drawMode":0,"name":"Shaded","section":"Shading Mode"},"sceneLighting":true,"audioPlay":false,"sceneViewState":{"showFog":false,"showMaterialUpdate":false,"showSkybox":false,"showFlares":false,"showImageEffects":false,"showParticleSystems":false},"in2DMode":false,"pivot":{"x":21.70097541809082,"y":23.097139358520509,"z":-19.053293228149415},"rotation":{"x":0.29532119631767275,"y":-0.4766908884048462,"z":0.17390356957912446,"w":0.8095114231109619},"size":20.20829200744629,"orthographic":false}